Cos_min_trig,Cos_max_trig,Cos_min_bigr,Cos_max_bigr
0.09135434031486511,0.5045745372772217,0.023444950580596924,0.60038822889328
0.051622964441776276,0.5750518441200256,0.03237451985478401,0.6017683148384094
0.00596433412283659,0.42729949951171875,0.019391793757677078,0.38720738887786865
0.07421692460775375,0.3807697892189026,0.08217912167310715,0.3662858009338379
0.04866678640246391,0.29016950726509094,0.03890853375196457,0.27986976504325867
0.0033829633612185717,0.2943251132965088,0.06901171058416367,0.3879866600036621
0.03342675417661667,0.5165114402770996,0.013047724962234497,0.5646178722381592
0.16012519598007202,0.5217216610908508,0.14867214858531952,0.5185191631317139
-0.011961854062974453,0.4587654173374176,0.0076624988578259945,0.46161189675331116
-0.006915852427482605,0.3558485209941864,0.08490750193595886,0.3468306362628937
0.2361650913953781,0.49699920415878296,0.18715913593769073,0.43713757395744324
0.022335002198815346,0.44852954149246216,-0.023721296340227127,0.4827302098274231
0.05186407268047333,0.3967599868774414,0.033087510615587234,0.44135284423828125
0.1535780131816864,0.47428539395332336,0.17884209752082825,0.5133349895477295
0.1448875069618225,0.4429113268852234,-0.00262273196130991,0.4702090919017792
0.13034047186374664,0.358912855386734,0.08749742060899734,0.3487548530101776
0.06338371336460114,0.41913262009620667,0.06368552893400192,0.42869049310684204
0.060650721192359924,0.5880334973335266,-0.06877046078443527,0.5917087197303772
0.06679489463567734,0.395830899477005,0.035366855561733246,0.4219900667667389
-0.0056673758663237095,0.3022185266017914,-0.004241997841745615,0.3273530602455139
-0.06925226002931595,0.36951375007629395,-0.015962326899170876,0.42405378818511963
0.07996068894863129,0.5208672285079956,0.07191760838031769,0.5880776643753052
0.1816868633031845,0.3037387728691101,0.1479058712720871,0.3317437469959259
0.24567270278930664,0.48036226630210876,0.2672857344150543,0.5261500477790833
0.12064485996961594,0.4842858612537384,0.0778350830078125,0.49686551094055176
0.03704234957695007,0.4492281973361969,-0.017901498824357986,0.4420386552810669
-0.029070120304822922,0.3078649044036865,-0.028198549523949623,0.29774239659309387
0.001152041251771152,0.2916349470615387,0.06483466178178787,0.30216801166534424
0.10297629982233047,0.3117836117744446,0.07839082926511765,0.3224260210990906
0.03382611274719238,0.4196614623069763,0.049556419253349304,0.4284117817878723
0.1510322391986847,0.49691903591156006,0.18535490334033966,0.5306344032287598
0.06349650025367737,0.5274530053138733,0.10269570350646973,0.5527366995811462
0.07653310149908066,0.4028840661048889,0.035892799496650696,0.4425171911716461
0.030608223751187325,0.5224619507789612,0.03734507039189339,0.5547419190406799
0.08572744578123093,0.5433543920516968,0.08107056468725204,0.5724197626113892
0.017107879742980003,0.3995797038078308,0.03328859806060791,0.4102725386619568
0.016430752351880074,0.4107939898967743,-0.056216612458229065,0.4595644176006317
0.0926985964179039,0.4328981339931488,0.11716672778129578,0.46349337697029114
0.1473638266324997,0.5594218373298645,0.03885149955749512,0.5835593938827515
-0.01069012749940157,0.3241276144981384,0.062167614698410034,0.3112647235393524
-0.028293516486883163,0.5812116265296936,0.0028642001561820507,0.623668372631073
0.0395745225250721,0.2578831613063812,0.08063963800668716,0.30839332938194275
0.0974256694316864,0.44425007700920105,0.09490595757961273,0.48400288820266724
0.05009264126420021,0.3521893322467804,0.08217126876115799,0.375955730676651
0.10979718714952469,0.6374720931053162,0.14395655691623688,0.6718977689743042
0.02930360846221447,0.13855724036693573,0.05484342947602272,0.1916840821504593
0.15951518714427948,0.586746335029602,0.04824317246675491,0.5831558108329773
0.0980401486158371,0.555772066116333,0.09767061471939087,0.634841799736023
0.0671197772026062,0.35055309534072876,0.04858173802495003,0.4252535402774811
0.07913507521152496,0.6403439044952393,-0.012019027024507523,0.6000275015830994
0.0802900493144989,0.4793561100959778,0.03411025553941727,0.5219380855560303
0.15724389255046844,0.4768664836883545,0.1460387259721756,0.5010073184967041
0.04661713168025017,0.35889697074890137,0.08043647557497025,0.34925273060798645
0.12173449248075485,0.4810960292816162,0.13084180653095245,0.49295511841773987
0.13841253519058228,0.34549322724342346,0.10550153255462646,0.5040007829666138
0.08302298933267593,0.4306437075138092,0.028185710310935974,0.450646311044693
0.09898926317691803,0.5067756772041321,-0.09182878583669662,0.5522584319114685
0.10044638067483902,0.3826513886451721,0.05490931123495102,0.4138719439506531
-0.03379528596997261,0.466310977935791,-0.08555445820093155,0.47364121675491333
0.054228536784648895,0.42722266912460327,0.11828363686800003,0.461233526468277
0.09388671070337296,0.4910200238227844,0.01985189877450466,0.5232260227203369
0.06464068591594696,0.4139109253883362,-0.0038396220188587904,0.4315253496170044
0.03912651166319847,0.3509584665298462,0.03520633280277252,0.5659279227256775
-0.03205248713493347,0.4212992191314697,0.017680753022432327,0.5183727145195007
0.03611275553703308,0.4178125262260437,-0.11151350289583206,0.4572368264198303
0.014168266206979752,0.5211703181266785,-0.0007255661766976118,0.5543290376663208
0.043603673577308655,0.39265716075897217,0.062085140496492386,0.4476638734340668
0.03830062970519066,0.4199717938899994,-0.014260546304285526,0.4372798502445221
0.07152416557073593,0.41308820247650146,0.05272746458649635,0.4259912967681885
0.06753312051296234,0.45193424820899963,0.030674565583467484,0.44551509618759155
0.09873776137828827,0.6609446406364441,-0.02307719737291336,0.5240588784217834
-0.021914493292570114,0.3998804986476898,-0.07778165489435196,0.42570793628692627
0.16062498092651367,0.45848768949508667,0.14385755360126495,0.4484763443470001
0.17580737173557281,0.537712574005127,0.13832688331604004,0.5216085910797119
0.2684820890426636,0.4756014049053192,0.08286085724830627,0.4554179012775421
0.1761278510093689,0.4756014049053192,0.08286085724830627,0.4554179012775421
0.2251615822315216,0.5237412452697754,0.21564921736717224,0.497312992811203
0.2251615822315216,0.5237412452697754,0.21564921736717224,0.497312992811203
-0.0005347509286366403,0.4151265323162079,0.001100811641663313,0.5200307965278625
0.05959403142333031,0.4527806043624878,-0.0006884552421979606,0.457857221364975
0.05255405232310295,0.4423011541366577,0.014553898014128208,0.5424479246139526
0.13456547260284424,0.4790193438529968,0.07667043060064316,0.4880874454975128
0.07290531694889069,0.48595765233039856,0.05202377587556839,0.5216507315635681
0.1307026892900467,0.4190817177295685,0.1428973376750946,0.45861828327178955
0.10776013880968094,0.5200327634811401,0.1699686050415039,0.5540586113929749
-0.0018048621714115143,0.5151312351226807,-0.03989168256521225,0.5205981731414795
0.05092089995741844,0.5779080390930176,0.05506967008113861,0.5095138549804688
0.03467779606580734,0.28881463408470154,-0.1542983204126358,0.3096058666706085
0.05470849201083183,0.38784465193748474,-0.005184396635740995,0.38573262095451355
0.05699257180094719,0.5266128778457642,-0.007527542766183615,0.5392314195632935
0.07906752824783325,0.2751277685165405,0.08922898024320602,0.21896803379058838
0.16449755430221558,0.43513917922973633,0.10936533659696579,0.4712580740451813
0.05780415236949921,0.35808807611465454,0.00797097384929657,0.37403011322021484
-0.06282953917980194,0.22183115780353546,-0.06820690631866455,0.21133524179458618
0.07134181261062622,0.37955260276794434,0.032902173697948456,0.41978663206100464
0.009790152311325073,0.3574165403842926,0.006603708956390619,0.36770549416542053
0.06717865914106369,0.3625555634498596,0.047574225813150406,0.3839777410030365
0.0493040606379509,0.6311779022216797,-0.009000202640891075,0.6770321726799011
0.05996396392583847,0.38978978991508484,0.016444910317659378,0.3991309404373169
-0.003099858295172453,0.5566136837005615,0.07985522598028183,0.5954338908195496
0.02173115685582161,0.3680812120437622,-0.021337643265724182,0.4037347733974457
0.023619934916496277,0.5417286157608032,0.07509201765060425,0.5539650917053223
0.11059553921222687,0.3393985629081726,0.05458745360374451,0.3507864475250244
0.047914907336235046,0.4442780017852783,-0.06996413320302963,0.5097248554229736
0.052276402711868286,0.44095781445503235,0.0027637428138405085,0.41739746928215027
0.023706957697868347,0.36267974972724915,0.0022534015588462353,0.4115135967731476
0.03686079755425453,0.4732453227043152,0.046341054141521454,0.4578190743923187
0.05115494504570961,0.4696779251098633,0.007306068204343319,0.5112283229827881
-0.027792857959866524,0.41508111357688904,-0.02193586155772209,0.4431554675102234
0.031108679249882698,0.4133177399635315,-0.06035885587334633,0.43727242946624756
0.061425480991601944,0.5912358164787292,0.01215102057904005,0.6353656053543091
0.14188915491104126,0.3415868282318115,0.12002333998680115,0.3591234087944031
0.03911535069346428,0.43426793813705444,0.06935340166091919,0.4017734229564667
0.10776152461767197,0.6168426275253296,0.074463851749897,0.6237611174583435
-0.02274477854371071,0.3983142077922821,-0.03168164938688278,0.3644539713859558
-0.026764340698719025,0.5361498594284058,0.080006442964077,0.5627902150154114
0.09230794757604599,0.7062748074531555,-0.01498221606016159,0.6722769141197205
0.05759746953845024,0.42293062806129456,0.09763997793197632,0.49331992864608765
-0.02194686233997345,0.3976137936115265,-0.00819543655961752,0.3497145473957062
-0.05822332203388214,0.39976271986961365,0.05096010863780975,0.3944712281227112
0.02327789179980755,0.604946494102478,-0.08976521342992783,0.5740318894386292
0.12399653345346451,0.6590092182159424,0.037986621260643005,0.6647815704345703
0.15401743352413177,0.6175799369812012,0.1682126820087433,0.6013522744178772
0.12691108882427216,0.664555549621582,-0.016742689535021782,0.613997220993042
0.024400955066084862,0.4971249997615814,-0.05572474002838135,0.4916735589504242
0.019415751099586487,0.5822583436965942,-0.08530771732330322,0.610027551651001
0.07951602339744568,0.5043965578079224,-0.009675942361354828,0.5410714745521545
0.10755585879087448,0.56584233045578,0.14250177145004272,0.5341001152992249
0.10755585879087448,0.56584233045578,0.14250177145004272,0.5341001152992249
0.10583678632974625,0.3874182403087616,0.00435476703569293,0.33924180269241333
0.05536993220448494,0.4206988513469696,0.0266614630818367,0.43452590703964233
-0.01914653554558754,0.4267186224460602,0.025412667542696,0.44731271266937256
0.10921497642993927,0.4576793313026428,0.14371755719184875,0.45504340529441833
0.08496040850877762,0.4972779154777527,0.08498453348875046,0.5281723737716675
0.013804379850625992,0.3072555363178253,0.05838266760110855,0.32809072732925415
0.047150518745183945,0.3197634220123291,0.005204629153013229,0.34342217445373535
0.0559794045984745,0.2339382767677307,0.022060370072722435,0.23583394289016724
0.157899871468544,0.4069686830043793,0.11885154247283936,0.5008174777030945
0.020012805238366127,0.29373645782470703,0.002349513815715909,0.309002548456192
0.11144328862428665,0.31648948788642883,0.1351606696844101,0.32141998410224915
-0.02250976860523224,0.3545745611190796,0.0582629069685936,0.3750773072242737
0.13215583562850952,0.4342171251773834,0.11354915052652359,0.43499329686164856
0.09975562989711761,0.41500353813171387,0.0338556282222271,0.45732393860816956
-0.051300205290317535,0.48484092950820923,-0.046864286065101624,0.5232534408569336
0.01352452952414751,0.42334622144699097,0.02218647301197052,0.4587623178958893
0.03752068802714348,0.2995446026325226,0.028309352695941925,0.32229048013687134
0.013503058813512325,0.41864797472953796,0.03184598311781883,0.4138330817222595
0.053293343633413315,0.4146379828453064,0.011314920149743557,0.4212821424007416
-0.058403804898262024,0.7561601996421814,-0.03615877404808998,0.7207882404327393
0.05941483750939369,0.5386432409286499,0.04685712605714798,0.46745139360427856
0.015475415624678135,0.42638570070266724,0.03325429931282997,0.4218132793903351
0.005639329086989164,0.5563393235206604,0.07957340031862259,0.6399398446083069
0.02746249921619892,0.34624868631362915,0.0372159481048584,0.383073627948761
0.05941483750939369,0.5386432409286499,0.04685712605714798,0.46745139360427856
0.04625996574759483,0.5231593251228333,0.06668396294116974,0.5605251789093018
0.05610629916191101,0.4518861770629883,0.08932377398014069,0.48346075415611267
0.07939181476831436,0.2915336787700653,0.056596774607896805,0.3123303949832916
0.08277539163827896,0.4600764513015747,-0.0015490312362089753,0.43981796503067017
0.07674667984247208,0.711814820766449,0.033454496413469315,0.6854096055030823
0.16199669241905212,0.5303274393081665,0.1389581561088562,0.5374811291694641
0.2475019246339798,0.6378528475761414,0.18573905527591705,0.6626026034355164
-0.044817760586738586,0.5138294100761414,-0.07576034218072891,0.5534988045692444
0.13185366988182068,0.501570463180542,0.09957841038703918,0.5151920914649963
0.025816502049565315,0.42591047286987305,-0.23465187847614288,0.481085866689682
-0.0076746768318116665,0.4149610102176666,-0.002080099657177925,0.42449867725372314
-0.01756112277507782,0.3458929657936096,-0.018742086365818977,0.4702090919017792
0.07247885316610336,0.4034133851528168,0.07347337901592255,0.3973213732242584
0.06007681041955948,0.3685978353023529,-0.015785085037350655,0.3424157202243805
0.016105275601148605,0.4990690350532532,0.08755537122488022,0.505520224571228
0.01777135580778122,0.3459727168083191,-0.0013406077632680535,0.3512006998062134
0.01777135580778122,0.4377308487892151,-0.0013406077632680535,0.4643106758594513
0.03903033584356308,0.438073992729187,0.02266089618206024,0.43499356508255005
0.08573219925165176,0.3985753357410431,0.10924117267131805,0.4263632595539093
0.08573219925165176,0.4504910111427307,0.10924117267131805,0.4688946008682251
0.05333137512207031,0.38328373432159424,0.023433290421962738,0.3976036012172699
0.15736475586891174,0.4296469986438751,0.1627248227596283,0.4446154832839966
0.10721921920776367,0.48801788687705994,0.05243826285004616,0.5147547125816345
0.0953383520245552,0.5392321348190308,0.1929430514574051,0.5147547125816345
0.02153894491493702,0.3702835738658905,0.015191126614809036,0.3935905694961548
0.02795824222266674,0.3723798394203186,0.061764590442180634,0.32434356212615967
0.0029032353777438402,0.25789570808410645,0.03770268335938454,0.26981058716773987
0.0029032353777438402,0.25789570808410645,0.03770268335938454,0.26981058716773987
-0.03167625889182091,0.2978985607624054,0.028320208191871643,0.2759028375148773
0.06725329160690308,0.5402539372444153,0.059434905648231506,0.579274594783783
-0.02797996625304222,0.44583743810653687,-0.024661961942911148,0.3850206434726715
0.1265629380941391,0.5262855291366577,0.016643568873405457,0.6215429306030273
-0.00904162973165512,0.24760369956493378,0.00684152077883482,0.3068124055862427
0.026605121791362762,0.3805898129940033,0.09458766877651215,0.3945895731449127
0.1135634109377861,0.3638252019882202,0.07262387871742249,0.3336562514305115
0.1135634109377861,0.3638252019882202,0.07262387871742249,0.3336562514305115
-0.13556095957756042,0.5826038718223572,-0.10290153324604034,0.5522308349609375
-0.046447187662124634,0.40719181299209595,-0.059257831424474716,0.3934547007083893
0.02562943659722805,0.35712307691574097,0.03973391652107239,0.3753255307674408
0.08279265463352203,0.3959064781665802,0.10924715548753738,0.40488454699516296
0.10903226584196091,0.5771022439002991,0.15216873586177826,0.5896787047386169
0.13624513149261475,0.5653798580169678,-0.06436391919851303,0.614345133304596
0.056616708636283875,0.6001066565513611,0.163072869181633,0.663189172744751
0.05440475419163704,0.43645790219306946,0.06114940345287323,0.586600661277771
0.08754120022058487,0.3866165280342102,0.09775298088788986,0.37940675020217896
-0.03680454567074776,0.48365265130996704,-0.03145064413547516,0.5269032120704651
-0.029471585527062416,0.4909481704235077,-0.02878478728234768,0.5429768562316895
-0.005590710788965225,0.35682615637779236,-0.01699712686240673,0.4046939015388489
0.12843182682991028,0.4051760733127594,0.09270889312028885,0.43709439039230347
0.10708692669868469,0.28137215971946716,0.10162729024887085,0.32308968901634216
-0.02091708593070507,0.26799529790878296,-0.06766554713249207,0.23761938512325287
0.05203786492347717,0.514938473701477,0.06583788990974426,0.4733087718486786
0.004414379131048918,0.441121369600296,-0.013591115362942219,0.4655025601387024
0.05203786492347717,0.514938473701477,0.06583788990974426,0.4733087718486786
0.06471165269613266,0.3714265823364258,0.1442866325378418,0.47023260593414307
-0.008190139196813107,0.5019324421882629,-0.08266076445579529,0.5636866688728333
0.31387612223625183,0.5665271878242493,0.26454290747642517,0.5968683958053589
0.12035045772790909,0.6492431163787842,0.15092621743679047,0.641137957572937
0.09336701035499573,0.31198233366012573,0.12356701493263245,0.32195815443992615
0.037462737411260605,0.3831993341445923,-0.02002512663602829,0.38309863209724426
0.05519142001867294,0.3928668797016144,-0.08452053368091583,0.3616020381450653
0.06622514128684998,0.4181640148162842,0.05758141726255417,0.5709646940231323
0.0919950008392334,0.5783271789550781,0.15991325676441193,0.5853723287582397
0.1031007245182991,0.55121248960495,0.11716921627521515,0.59183269739151
0.058670926839113235,0.4982524812221527,-0.003219354199245572,0.5495903491973877
-0.0363241471350193,0.5026826858520508,0.05788860470056534,0.5156742334365845
0.0333060622215271,0.35942763090133667,0.041027095168828964,0.3733890652656555
0.03990874066948891,0.4658096432685852,0.06127309799194336,0.40008145570755005
0.08392846584320068,0.45729687809944153,0.06081833317875862,0.4642077386379242
0.09036526083946228,0.30943116545677185,0.05404337868094444,0.3662046492099762
0.08845993131399155,0.398357629776001,0.05744418129324913,0.3935905694961548
0.05637179687619209,0.3266531527042389,0.06394418329000473,0.3716626763343811
0.0445370115339756,0.47658205032348633,0.04921458661556244,0.43436557054519653
0.0524112768471241,0.3990265130996704,-0.005329327192157507,0.4022003710269928
-0.0363009050488472,0.29334768652915955,-0.032741524279117584,0.31068238615989685
0.045392222702503204,0.4163886606693268,-0.02170610800385475,0.42024192214012146
0.04289282113313675,0.40557023882865906,0.016945328563451767,0.4556392431259155
-0.046020179986953735,0.6327153444290161,-0.08801772445440292,0.6368885040283203
0.08537798374891281,0.6490129232406616,0.04939917102456093,0.6692259311676025
-0.05528406426310539,0.4879770874977112,-0.04740721732378006,0.5234991908073425
0.008766003884375095,0.5103561282157898,-0.0608983114361763,0.5457960963249207
0.03752068802714348,0.40204063057899475,0.028309352695941925,0.44430187344551086
0.09765859693288803,0.4114927053451538,0.1041039451956749,0.4344343841075897
0.04454905167222023,0.4163714349269867,0.020071765407919884,0.43557456135749817
-0.04079229012131691,0.5859943628311157,0.01612112671136856,0.5672786235809326
0.05366047844290733,0.4863438010215759,0.012368317693471909,0.528573215007782
0.14017453789710999,0.5053678750991821,0.1584475040435791,0.5194475054740906
0.07325321435928345,0.40634292364120483,0.01222348865121603,0.41300642490386963
0.02792653627693653,0.45910194516181946,0.029156478121876717,0.48983123898506165
0.024226777255535126,0.21477681398391724,0.042316734790802,0.3098527789115906
0.0958980843424797,0.5029869675636292,0.1280021071434021,0.5041597485542297
0.09778003394603729,0.4971434772014618,0.11828403919935226,0.5743988752365112
0.060188427567481995,0.4630628824234009,0.044775981456041336,0.46035048365592957
0.03111538663506508,0.4344148337841034,-0.004488813690841198,0.4409499764442444
0.05969071388244629,0.3976471424102783,-0.00262273196130991,0.43477165699005127
0.05217861756682396,0.38040637969970703,0.08977560698986053,0.41554316878318787
0.10929176211357117,0.35623404383659363,0.13858027756214142,0.41442570090293884
-0.005442585796117783,0.3321704566478729,-0.00262273196130991,0.3408929109573364
0.06007681041955948,0.49597877264022827,0.06297861784696579,0.5905486941337585
-0.020814945921301842,0.4365474581718445,0.03945772349834442,0.4584830105304718
-0.020814945921301842,0.3666859567165375,0.03945772349834442,0.3861691355705261
-0.005442585796117783,0.3321704566478729,-0.00262273196130991,0.3408929109573364
0.06387387216091156,0.43971067667007446,0.1177247017621994,0.4339195191860199
0.061881739646196365,0.4999190866947174,0.08016077429056168,0.5081315040588379
0.05913254991173744,0.4858725666999817,0.004419930744916201,0.540747344493866
0.04295695200562477,0.4799426794052124,0.0015363311395049095,0.47722864151000977
0.13066332042217255,0.5346736311912537,0.08298351615667343,0.6346555352210999
0.114759661257267,0.4447315037250519,0.14494486153125763,0.4055023193359375
0.19840717315673828,0.48036226630210876,0.18143399059772491,0.5261500477790833
0.07942115515470505,0.39829766750335693,0.012888384982943535,0.42461827397346497
0.028688056394457817,0.31065911054611206,0.030585382133722305,0.3383493721485138
-0.010214806534349918,0.4441949427127838,0.06008446589112282,0.4547883868217468
0.03590461239218712,0.4713354706764221,0.03947507217526436,0.4688776433467865
-0.009678755886852741,0.3486800193786621,-0.00573834078386426,0.3877546787261963
0.01073078066110611,0.4387228190898895,0.021608717739582062,0.46457988023757935
0.02956726960837841,0.4984765648841858,0.03574236109852791,0.5740653872489929
0.029838988557457924,0.3742222785949707,-0.12184503674507141,0.3488357365131378
0.08856523036956787,0.45653361082077026,0.08736789226531982,0.44066137075424194
0.17098365724086761,0.6323871612548828,0.12140451371669769,0.7196285724639893
0.1470191776752472,0.38048774003982544,0.13530918955802917,0.3635469675064087
0.15326417982578278,0.5376918911933899,0.15743255615234375,0.5831453204154968
0.01937628537416458,0.34531041979789734,0.03215258568525314,0.3953956365585327
0.18623267114162445,0.4759003221988678,0.03756977245211601,0.5054426193237305
0.07653310149908066,0.4028840661048889,0.035892799496650696,0.4425171911716461
0.31134292483329773,0.4574512541294098,0.23920762538909912,0.47855252027511597
-0.03597205504775047,0.5018582940101624,0.09879272431135178,0.46972033381462097
0.053230881690979004,0.2723773419857025,0.03646354377269745,0.29860857129096985
-0.049706194549798965,0.3741413354873657,-0.03516562655568123,0.4585556089878082
0.17840799689292908,0.4111858308315277,0.2686505913734436,0.43768277764320374
0.06466677784919739,0.23913052678108215,0.06059186905622482,0.2498825490474701
0.013471359387040138,0.5134531259536743,0.025998061522841454,0.6121726632118225
0.04661713168025017,0.35889697074890137,0.08043647557497025,0.34925273060798645
0.04064043611288071,0.4722970128059387,0.009521188214421272,0.4981178641319275
0.1315234750509262,0.44681358337402344,0.08985623717308044,0.4462745189666748
0.10351686924695969,0.39594951272010803,0.07891310751438141,0.4158584773540497
-0.011749534867703915,0.28486964106559753,0.013727804645895958,0.3852534592151642
0.07470008730888367,0.43162623047828674,0.05419262498617172,0.4374637305736542
0.07341567426919937,0.48531609773635864,0.15393389761447906,0.495969295501709
0.014168266206979752,0.5211703181266785,-0.0007255661766976118,0.5543290376663208
0.025241104885935783,0.5149510502815247,0.003665471915155649,0.4976278245449066
0.0962907075881958,0.5477590560913086,0.07938899844884872,0.6116921305656433
0.047315821051597595,0.3977850079536438,0.07184608280658722,0.40560483932495117
0.20249831676483154,0.4728752672672272,0.15097516775131226,0.4693354070186615
0.10723671317100525,0.513266384601593,0.23021246492862701,0.5026527047157288
-0.022940490394830704,0.3352208137512207,-0.014707975089550018,0.3874923884868622
0.06196488067507744,0.35947728157043457,-0.024005766957998276,0.4075701832771301
-0.03938717767596245,0.33106786012649536,-0.032617781311273575,0.3429417312145233
0.1345425397157669,0.40226709842681885,0.15521417558193207,0.40316009521484375
-0.03891739621758461,0.6622738838195801,-0.21145696938037872,0.6709495186805725
0.009950214996933937,0.45433366298675537,-0.019359927624464035,0.5010504722595215
0.04378167912364006,0.5256809592247009,0.05504671484231949,0.5634487867355347
0.061804741621017456,0.527097225189209,0.05093785747885704,0.5371108055114746
0.1761278510093689,0.4756014049053192,0.08286085724830627,0.4554179012775421
0.2684820890426636,0.4756014049053192,0.08286085724830627,0.4554179012775421
0.1761278510093689,0.4756014049053192,0.08286085724830627,0.4554179012775421
0.036867406219244,0.42503780126571655,0.045158594846725464,0.5352081656455994
0.14353889226913452,0.36381304264068604,0.11739469319581985,0.361486554145813
0.07086268812417984,0.48434725403785706,0.07002148777246475,0.4827015995979309
-0.05299197882413864,0.4558628499507904,0.0038651402574032545,0.4388926327228546
0.05591858923435211,0.3604722023010254,0.04716871678829193,0.3380903899669647
-0.005827573128044605,0.27801457047462463,-0.014469508081674576,0.2839372456073761
0.04596095159649849,0.39463770389556885,0.029516298323869705,0.43637633323669434
-0.04724130406975746,0.4983358681201935,0.07278823852539062,0.48447227478027344
0.143429234623909,0.5001171231269836,0.18647831678390503,0.5507012009620667
0.06415761262178421,0.6507607698440552,0.1791592836380005,0.6623979210853577
0.1156981810927391,0.2843104302883148,0.14657485485076904,0.3191089332103729
-0.01028415746986866,0.4687918722629547,0.02179003693163395,0.5091298222541809
0.1561952382326126,0.6280595660209656,0.1259533315896988,0.5787490606307983
0.009929892607033253,0.46613872051239014,-0.01781320571899414,0.4736673831939697
-0.1232304498553276,0.3499664068222046,-0.08511766046285629,0.4346345365047455
-0.0005552316433750093,0.4141860008239746,-0.021255195140838623,0.4115085005760193
0.13809461891651154,0.3625640571117401,0.13428333401679993,0.423424631357193
0.0981360599398613,0.6701740622520447,-0.14567062258720398,0.6606904864311218
0.12215714901685715,0.38376539945602417,0.1437883824110031,0.40651172399520874
0.12520387768745422,0.5816830992698669,0.12358776479959488,0.6263620257377625
0.19520334899425507,0.3429693281650543,0.18774153292179108,0.3627813458442688
-0.0020396034233272076,0.44478532671928406,-0.01209668442606926,0.47010982036590576
0.004523669835180044,0.5343872308731079,0.056365616619586945,0.5293638110160828
0.014447188936173916,0.5340674519538879,0.02687888778746128,0.49230659008026123
0.030391022562980652,0.4385097324848175,-0.05034591630101204,0.46897047758102417
0.03443945199251175,0.37676116824150085,0.07893388718366623,0.3396216332912445
0.03443945199251175,0.39311596751213074,0.07893388718366623,0.4197729527950287
-0.07615046203136444,0.37676116824150085,-0.01720968820154667,0.3222133219242096
0.015355422161519527,0.29586362838745117,0.04521097615361214,0.38434144854545593
0.11033668369054794,0.5166802406311035,0.15535496175289154,0.5323431491851807
0.01875936985015869,0.4343045949935913,-0.027173884212970734,0.5268696546554565
0.07344494014978409,0.40283650159835815,0.1539512723684311,0.3830505609512329
0.20252491533756256,0.5596056580543518,0.18200956284999847,0.6287350654602051
0.059047989547252655,0.42898160219192505,0.09720813482999802,0.42574283480644226
0.031660184264183044,0.3348379135131836,0.058740511536598206,0.3367486894130707
0.056006986647844315,0.38249510526657104,0.05493815243244171,0.35784047842025757
0.062362607568502426,0.47842592000961304,0.09749940782785416,0.5490185618400574
0.06261834502220154,0.42051413655281067,0.11419936269521713,0.4732513725757599
0.08418505638837814,0.4253504276275635,0.1252821832895279,0.5371108055114746
0.10556381195783615,0.40299203991889954,0.10181988030672073,0.4828759431838989
0.15921632945537567,0.625293493270874,0.06836414337158203,0.6166470050811768
0.0575881190598011,0.34283679723739624,0.006922587752342224,0.38530707359313965
0.24205617606639862,0.3988840579986572,0.12486730515956879,0.4298420548439026
0.12388867139816284,0.5303351283073425,0.11605346947908401,0.546685516834259
0.00826144777238369,0.4722970128059387,0.02139877900481224,0.4981178641319275
0.029505707323551178,0.3611515462398529,0.011093758046627045,0.3820355534553528
0.05057896301150322,0.36461859941482544,0.039332736283540726,0.40124621987342834
-0.020489869639277458,0.519819438457489,-0.0034824591130018234,0.5314046740531921
0.09984379261732101,0.4428909420967102,0.08786492049694061,0.42782357335090637
0.04206554591655731,0.4154261350631714,-0.05670801177620888,0.47281545400619507
0.14262156188488007,0.4739747643470764,0.10591038316488266,0.46571120619773865
0.21425355970859528,0.47065651416778564,0.2141820341348648,0.5029088258743286
0.09677322953939438,0.4048875868320465,0.04885898903012276,0.36357271671295166
-0.0027075200341641903,0.502272367477417,-0.07358536124229431,0.5073134303092957
0.05666252598166466,0.4479740560054779,-0.11541539430618286,0.47129252552986145
0.25889256596565247,0.39412233233451843,0.1527956873178482,0.5030841827392578
0.18777121603488922,0.6603330373764038,0.1039469838142395,0.6009638905525208
0.09787983447313309,0.3020259737968445,0.08832747489213943,0.3307315707206726
0.13116823136806488,0.6117764115333557,0.018787534907460213,0.6452797055244446
0.11844325065612793,0.4354066252708435,0.1264386624097824,0.4304467737674713
0.02485913410782814,0.4645005762577057,0.04912213608622551,0.4789855480194092
0.15736475586891174,0.4296469986438751,0.1627248227596283,0.4446154832839966
0.02973853424191475,0.3843724727630615,0.04227912425994873,0.37358778715133667
0.02973853424191475,0.3843724727630615,0.04227912425994873,0.37358778715133667
0.07123442739248276,0.438601553440094,-0.0024877218529582024,0.6900787949562073
0.12114851176738739,0.3381836414337158,0.07775693386793137,0.37356117367744446
0.1917400062084198,0.6264948844909668,-0.06254888325929642,0.6470637321472168
0.1264890730381012,0.398823082447052,-0.00836621318012476,0.3922734558582306
0.04247749224305153,0.24537649750709534,0.004494712222367525,0.2850663661956787
-0.004422391764819622,0.4191558361053467,-0.014844461344182491,0.5738078951835632
0.1458093523979187,0.43251872062683105,0.1492471694946289,0.4630793035030365
0.07509315758943558,0.5706409811973572,0.13847705721855164,0.5329172015190125
0.026566896587610245,0.5008306503295898,0.032546620815992355,0.6224077343940735
-0.03167625889182091,0.2978985607624054,0.028320208191871643,0.2759028375148773
0.06725329160690308,0.5402539372444153,0.059434905648231506,0.579274594783783
0.126705601811409,0.39388707280158997,0.03721635043621063,0.4361843466758728
0.15177612006664276,0.5712693929672241,0.10373637825250626,0.541726291179657
-0.018959438428282738,0.23576943576335907,-0.06613720208406448,0.2180173397064209
0.04451173543930054,0.38433289527893066,0.009375035762786865,0.4577309787273407
0.1283455491065979,0.635918140411377,0.1898946762084961,0.6264441013336182
0.09401517361402512,0.6778355836868286,-0.03247896954417229,0.6444661021232605
0.23208339512348175,0.6657781004905701,0.3073486387729645,0.7074844837188721
0.05440475419163704,0.43645790219306946,0.06114940345287323,0.586600661277771
0.02495700679719448,0.44350090622901917,0.043232738971710205,0.4960763156414032
0.020040513947606087,0.4953446090221405,0.03264489024877548,0.554991602897644
0.18949592113494873,0.5416934490203857,-0.04299909994006157,0.6039831638336182
0.09225346148014069,0.37415221333503723,0.035272836685180664,0.3752109408378601
0.1795499175786972,0.597266435623169,0.09003635495901108,0.6300215721130371
0.08218640089035034,0.5096367001533508,-0.018742086365818977,0.5362864136695862
0.053403254598379135,0.46680665016174316,-0.037531301379203796,0.4986085593700409
-0.026351558044552803,0.2816440165042877,-0.006575992796570063,0.30557355284690857
0.02819715067744255,0.6609446406364441,0.03607344254851341,0.6026737689971924
0.028402136638760567,0.44512322545051575,0.058410562574863434,0.4403854012489319
0.005743369925767183,0.3991730809211731,0.017645668238401413,0.44015318155288696
-0.010288450866937637,0.45380473136901855,-0.03867698088288307,0.5318363308906555
-0.0033336763735860586,0.495003879070282,0.02223774790763855,0.4764575958251953
0.041367728263139725,0.4069686830043793,0.04190592095255852,0.441617488861084
-0.06218434497714043,0.742672324180603,-0.054306332021951675,0.639215350151062
0.0742696151137352,0.3241700530052185,0.07731854170560837,0.3600226938724518
0.04668870568275452,0.35766032338142395,0.03524915874004364,0.3571256399154663
0.06716816872358322,0.33645114302635193,0.12147869169712067,0.3698439598083496
0.13363017141819,0.5261644721031189,0.08998916298151016,0.48466894030570984
0.0815659612417221,0.3695596754550934,0.053684234619140625,0.3909807801246643
0.11985163390636444,0.44817468523979187,0.05790850892663002,0.39456045627593994
0.10894722491502762,0.529001772403717,0.15808866918087006,0.5596998333930969
0.07539891451597214,0.45340660214424133,0.12513667345046997,0.41878941655158997
0.09165088832378387,0.394345760345459,0.10254525393247604,0.4310023784637451
0.14812462031841278,0.5383101105690002,0.17396697402000427,0.5806487202644348
-0.03210374712944031,0.47394150495529175,0.024904845282435417,0.49970105290412903
0.09441785514354706,0.4210166037082672,0.03407778963446617,0.46499794721603394
0.15979251265525818,0.3647516071796417,0.13813529908657074,0.3562459945678711
0.17004086077213287,0.4737764894962311,0.1223534420132637,0.560826301574707
0.017989814281463623,0.2956750988960266,-0.03794534504413605,0.40604889392852783
0.003185097360983491,0.4005354344844818,0.027279434725642204,0.45554399490356445
0.0056335716508328915,0.424934983253479,0.08099018037319183,0.44746676087379456
-0.018093468621373177,0.3725440800189972,-0.0650632232427597,0.3711819648742676
0.0003087868099100888,0.3802507221698761,0.026415931060910225,0.3858441412448883
0.01913909986615181,0.4219812750816345,0.06364436447620392,0.4435875415802002
0.06891494244337082,0.4213557839393616,0.1276736855506897,0.44427430629730225
0.17915624380111694,0.445812463760376,0.12667402625083923,0.4339263141155243
0.1576356589794159,0.4450962245464325,0.18062129616737366,0.41594427824020386
0.03848997876048088,0.34303945302963257,0.04660411551594734,0.38000932335853577
0.14349599182605743,0.3892494738101959,0.04667556658387184,0.4281602203845978
0.2684820890426636,0.4756014049053192,0.08286085724830627,0.4554179012775421
0.2684820890426636,0.4756014049053192,0.08286085724830627,0.4554179012775421
0.2684820890426636,0.4756014049053192,0.08286085724830627,0.4554179012775421
0.2684820890426636,0.4756014049053192,0.08286085724830627,0.4554179012775421
0.1761278510093689,0.4756014049053192,0.08286085724830627,0.4554179012775421
0.1968625783920288,0.4756014049053192,0.08286085724830627,0.4554179012775421
0.2251615822315216,0.5237412452697754,0.21564921736717224,0.497312992811203
-0.012897846288979053,0.4804372191429138,0.029094642028212547,0.6152495741844177
-0.033428553491830826,0.40066421031951904,-0.006371135823428631,0.39032161235809326
0.023860910907387733,0.39084410667419434,-0.033569805324077606,0.5179682970046997
0.07487598806619644,0.3196325898170471,0.04747678339481354,0.428932249546051
0.14855872094631195,0.44941359758377075,0.1380344182252884,0.5455964803695679
0.08930926769971848,0.5807132720947266,-0.03746329993009567,0.6587525010108948
0.08792354166507721,0.48786118626594543,0.14607711136341095,0.46276184916496277
0.14014288783073425,0.696644127368927,0.060096342116594315,0.5353866219520569
0.041153304278850555,0.5003007054328918,0.08011869341135025,0.5421152114868164
-0.03463151305913925,0.43586450815200806,-0.06232322007417679,0.44794124364852905
0.13072139024734497,0.6671696901321411,0.09336588531732559,0.6767653226852417
0.211030974984169,0.5427520871162415,0.03456532955169678,0.5916151404380798
0.11643445491790771,0.3050781786441803,0.0948159471154213,0.3252333402633667
-0.04459655284881592,0.38093453645706177,-0.021920951083302498,0.454154908657074
0.04221648722887039,0.4795745611190796,0.10396051406860352,0.47359347343444824
0.17180097103118896,0.43578189611434937,0.14179834723472595,0.481393426656723
0.017080333083868027,0.3753688931465149,0.05164506286382675,0.37498506903648376
0.048475075513124466,0.32007142901420593,0.03096010349690914,0.3564026355743408
-0.12694838643074036,0.3657078742980957,-0.1343223601579666,0.47023260593414307
0.09087932854890823,0.4115375876426697,0.1354423463344574,0.36621934175491333
0.06887830048799515,0.37981507182121277,0.04143373668193817,0.43499329686164856
0.5395087599754333,0.7890758514404297,0.2636261582374573,0.7546670436859131
0.4681895673274994,0.5434138178825378,0.31046557426452637,0.5917923450469971
0.05914352461695671,0.40297842025756836,0.06907109171152115,0.39776498079299927
0.2037917971611023,0.5417355298995972,0.2585170567035675,0.6101265549659729
0.058341268450021744,0.3403024971485138,-0.04275037720799446,0.3569541871547699
0.09240880608558655,0.44194597005844116,0.05757458508014679,0.4422473907470703
0.09893430769443512,0.3487389385700226,-0.007794415578246117,0.37038111686706543
-0.03639287129044533,0.479865700006485,-0.02287851646542549,0.45309916138648987
0.048905517905950546,0.4841906726360321,0.052808601409196854,0.44671162962913513
0.10026481747627258,0.4413014054298401,0.045879773795604706,0.49334800243377686
0.09116735309362411,0.5040549039840698,0.11490487307310104,0.5962103605270386
0,0,0.3003462851047516,0.3003462851047516
0.19840717315673828,0.48036226630210876,0.18143399059772491,0.5261500477790833
0.11756782978773117,0.5676310658454895,0.026654807850718498,0.6075305342674255
0.04309072718024254,0.5854523777961731,0.013586651533842087,0.5823215842247009
0.04787338152527809,0.4172028601169586,0.06223466619849205,0.4038113057613373
0.09736969321966171,0.56584233045578,0.1587219536304474,0.5341001152992249
0.0414203479886055,0.3110431134700775,0.18281303346157074,0.3314877450466156
0.0886072888970375,0.6437968611717224,0.04396943375468254,0.7196285724639893
0.07452429085969925,0.29857349395751953,0.05310555920004845,0.3277833163738251
0.07272463291883469,0.30520859360694885,0.17562487721443176,0.3977300226688385
0.030608223751187325,0.5224619507789612,0.03734507039189339,0.5547419190406799
0.10932838171720505,0.6577998995780945,-0.020907921716570854,0.6728043556213379
0.05118464305996895,0.3349877595901489,0.05346141755580902,0.3736129701137543
0.017107879742980003,0.3995797038078308,0.03328859806060791,0.4102725386619568
0.04986783117055893,0.5760602951049805,-0.02205938659608364,0.6138373613357544
0.01238624844700098,0.4566902220249176,-0.04967833310365677,0.42531949281692505
0.010128278285264969,0.3208494186401367,0.06069059297442436,0.4014635384082794
0.10216065496206284,0.3576529324054718,0.08014701306819916,0.4902052581310272
-0.011836973018944263,0.26779910922050476,0.007994434796273708,0.2190672606229782
0.11909274756908417,0.46944618225097656,0.11975913494825363,0.47867968678474426
0.09724224358797073,0.6717380285263062,0.018022583797574043,0.6957386136054993
0.0469047874212265,0.5751304626464844,-0.10701582580804825,0.6398723125457764
-0.0037583180237561464,0.3292960226535797,0.018583500757813454,0.5011724233627319
0.1629670262336731,0.33556416630744934,0.09341438859701157,0.3489792048931122
0.06623199582099915,0.5296739339828491,0.0170437004417181,0.5303966999053955
0.11630233377218246,0.5745251178741455,0.07796511799097061,0.6893218755722046
0.16154246032238007,0.6702558398246765,0.09740530699491501,0.6045534610748291
-0.020329948514699936,0.4196614623069763,0.012201307341456413,0.4284117817878723
-0.016784237697720528,0.7856780290603638,0.043544359505176544,0.8680421113967896
-0.0012479984434321523,0.46853750944137573,0.02221524715423584,0.553186297416687
0.06890373677015305,0.2780984044075012,0.06074366346001625,0.314439058303833
0.07596340030431747,0.35373613238334656,0.055124182254076004,0.3836786448955536
0.1952303647994995,0.5783271789550781,0.21918483078479767,0.5853723287582397
0.04845597967505455,0.38180533051490784,0.011656109243631363,0.40396827459335327
0.010471157729625702,0.47372010350227356,0.129499614238739,0.4766645133495331
-0.0359216183423996,0.31455203890800476,-0.06787911057472229,0.34853261709213257
0.12378068268299103,0.4173728823661804,0.10367856919765472,0.44752031564712524
0.0868065133690834,0.4674648344516754,0.07854297757148743,0.47013846039772034
0.031560368835926056,0.36927637457847595,-0.06701856106519699,0.41512736678123474
0.0691797211766243,0.5774021744728088,0.06998580694198608,0.571860671043396
0.05341697856783867,0.34258994460105896,0.01401078887283802,0.32731446623802185
0.027171244844794273,0.28420379757881165,-0.00960041768848896,0.34609368443489075
0.03407520055770874,0.696644127368927,-0.014440888538956642,0.6274917721748352
-0.05853627249598503,0.5484340786933899,-0.04410973936319351,0.5299084186553955
-0.12562011182308197,0.6400072574615479,-0.1253727376461029,0.6658064723014832
0.03339015692472458,0.363584041595459,-0.021922774612903595,0.4058285653591156
0.01514632347971201,0.5735204219818115,-0.029145458713173866,0.5986846685409546
0.0009707268327474594,0.24969874322414398,-0.027917712926864624,0.3682437837123871
-0.12276488542556763,0.5061371326446533,-0.0025167930871248245,0.5582907199859619
0.05802685394883156,0.4330959618091583,0.13979202508926392,0.47393715381622314
0.26144886016845703,0.7973290681838989,0.18052592873573303,0.8209277391433716
0.20413300395011902,0.4282536506652832,0.19560740888118744,0.428669810295105
0.03720284253358841,0.224984273314476,0.05376927927136421,0.3276638388633728
-0.01451237965375185,0.2820018231868744,-0.006985245272517204,0.366740882396698
0.08371333032846451,0.20407934486865997,0.044236958026885986,0.25232478976249695
0.01165158860385418,0.5325567722320557,0.030699264258146286,0.5046237707138062
0.06570553779602051,0.5365695953369141,-0.01674179546535015,0.5568126440048218
-0.09527160972356796,0.5155118107795715,-0.13621585071086884,0.5495107173919678
0.02767934650182724,0.7215994596481323,-0.015268075279891491,0.6297566294670105
-0.02328617498278618,0.6481500267982483,-0.12590886652469635,0.655383825302124
0.1328544169664383,0.42733174562454224,0.004307887516915798,0.47966650128364563
-0.043309055268764496,0.4805854856967926,0.03302699699997902,0.4725490212440491
-0.043309055268764496,0.5403074026107788,0.0040548937395215034,0.4725490212440491
0.04340304434299469,0.3177466094493866,0.05187385529279709,0.3533041775226593
0.03917469084262848,0.5054269433021545,0.046905554831027985,0.4921417832374573
0.06994017213582993,0.3242672085762024,0.061841484159231186,0.32283177971839905
0.21625672280788422,0.45292332768440247,0.1964355856180191,0.5496277809143066
0.06028514355421066,0.3706473112106323,-0.009103665128350258,0.3876079022884369
0.15677499771118164,0.3830871284008026,0.11948318779468536,0.4201417565345764
0.12597088515758514,0.36645352840423584,0.0935741439461708,0.452848345041275
0.15146377682685852,0.5280559659004211,0.13299661874771118,0.5625098347663879
0.15146377682685852,0.5280559659004211,0.13299661874771118,0.5625098347663879
0.21915379166603088,0.3929171562194824,0.1265142560005188,0.3459625840187073
0.15580229461193085,0.45906221866607666,0.15005339682102203,0.5524426102638245
0.01875936985015869,0.4343045949935913,-0.027173884212970734,0.5268696546554565
0.09339558333158493,0.5056015849113464,0.06981190294027328,0.5170090198516846
0.07680431753396988,0.33331528306007385,0.02102316915988922,0.38001129031181335
0.08666741102933884,0.4410858750343323,0.0823662132024765,0.4178375005722046
0.20047038793563843,0.5021288990974426,0.1675630360841751,0.4974273145198822
0.0356539785861969,0.41325345635414124,0.012141096405684948,0.5078266859054565
0.04100155830383301,0.32388216257095337,0.03590363636612892,0.3231772184371948
-0.004200019873678684,0.4402157664299011,-0.04392468184232712,0.47806474566459656
0.08695436269044876,0.5346736311912537,0.11881866306066513,0.5167390704154968
0.13462230563163757,0.3789118826389313,0.09270889312028885,0.3916507363319397
0.10778911411762238,0.28137215971946716,0.09543280303478241,0.32308968901634216
0.10778911411762238,0.28137215971946716,0.09543280303478241,0.32308968901634216
0.1872435212135315,0.6257269382476807,-0.013112721033394337,0.644122838973999
0.2209291011095047,0.5126891732215881,-0.05924323573708534,0.5443928837776184
0.07934048026800156,0.19588039815425873,0.05878066644072533,0.17696769535541534
0.06873947381973267,0.5306016206741333,0.023169003427028656,0.49615222215652466
0.1351272165775299,0.37700462341308594,-0.00029239471768960357,0.36526134610176086
0.10721921920776367,0.48801788687705994,0.05243826285004616,0.5147547125816345
0.14128310978412628,0.4198547899723053,0.08981259912252426,0.4511703848838806
0.019330520182847977,0.4007779657840729,0.05586355924606323,0.4624006748199463
0.1700410544872284,0.5912185907363892,0.14970387518405914,0.6028517484664917
0.07518578320741653,0.3117968738079071,0.0856303796172142,0.32982268929481506
0.031575947999954224,0.32301566004753113,-0.0643584206700325,0.3834937512874603
0.24862350523471832,0.6127361059188843,0.02323618344962597,0.6177272200584412
-0.028663938865065575,0.4939952790737152,0.0124508673325181,0.5079614520072937
-0.028663938865065575,0.4939952790737152,0.0124508673325181,0.5079614520072937
0.06751806288957596,0.4208499789237976,0.052376121282577515,0.4367246627807617
0.05489280819892883,0.4582468569278717,0.07113314419984818,0.47370508313179016
0.2262023538351059,0.41806381940841675,0.2845286726951599,0.3936830163002014
0.06326024234294891,0.5418840646743774,0.06526850163936615,0.5399261713027954
0.16925688087940216,0.4250927269458771,0.19212327897548676,0.45734360814094543
0.14661334455013275,0.5246486663818359,0.0917932540178299,0.4851016700267792
-0.0029975650832057,0.3825412690639496,0.07655470073223114,0.47888967394828796
0.05642027407884598,0.42377206683158875,-0.04279002547264099,0.4143783152103424
0.004483466036617756,0.530858039855957,-0.01781320571899414,0.5734490752220154
0.07794257253408432,0.6483752131462097,-0.024505024775862694,0.6123687624931335
-0.04897924140095711,0.525779664516449,0.12187942117452621,0.5851771235466003
0.01682242564857006,0.34104517102241516,-0.053621526807546616,0.3495109975337982
-0.03423045203089714,0.3706366717815399,-0.017463581636548042,0.38951224088668823
0.05193084850907326,0.351835697889328,-0.004914399236440659,0.3488367795944214
0.07615072280168533,0.41717323660850525,0.09861553460359573,0.5222899913787842
0.10294447839260101,0.4250119626522064,0.0817250981926918,0.4496629238128662
0.08024198561906815,0.4533812999725342,0.050808150321245193,0.4853254556655884
0.08436264842748642,0.534654438495636,0.09094588458538055,0.4805634617805481
0.007370254956185818,0.3743903338909149,0.055464740842580795,0.3723401725292206
0.047853223979473114,0.33458536863327026,-0.025227269157767296,0.3241509199142456
0.17572277784347534,0.30462196469306946,0.10632045567035675,0.30091288685798645
0.1702524721622467,0.4729885160923004,0.21874673664569855,0.4542282819747925
0.07717346400022507,0.4209851920604706,0.05643545836210251,0.39876800775527954
0.08942995965480804,0.4057557284832001,0.06748973578214645,0.3995415270328522
0.0214323028922081,0.318819522857666,0.04184773564338684,0.3410826623439789
0.03677193075418472,0.4435461461544037,-0.04372250661253929,0.4985930025577545
0.1059812530875206,0.38557639718055725,0.08756252378225327,0.41411060094833374
-0.00762981316074729,0.5946020483970642,0.07161086797714233,0.6060770750045776
0.0919950008392334,0.5783271789550781,0.15991325676441193,0.5853723287582397
0.05383234843611717,0.5159986019134521,0.0672513023018837,0.519246518611908
0.08379298448562622,0.5538612008094788,0.08723275363445282,0.5924649238586426
0.019754212349653244,0.47527429461479187,-0.03391940891742706,0.5219821333885193
0.05605974420905113,0.5009574890136719,0.07489661127328873,0.5082416534423828
0.10400667041540146,0.4859389662742615,0.13607487082481384,0.5084564089775085
0.1150016188621521,0.5029617547988892,0.16208486258983612,0.5123793482780457
0.05637179687619209,0.3266531527042389,0.06394418329000473,0.3716626763343811
0.04538006708025932,0.4386952519416809,0.05365607514977455,0.42473363876342773
0.058030638843774796,0.48703038692474365,0.09385744482278824,0.46133261919021606
0.045742351561784744,0.44846880435943604,0.014047949574887753,0.41712698340415955
0.09146350622177124,0.3940841257572174,0.09324649721384048,0.39937421679496765
0.07943788915872574,0.5709633231163025,0.15742026269435883,0.5877550840377808
-0.017437633126974106,0.4272993505001068,0.050199270248413086,0.4915844798088074
-0.022940490394830704,0.3352208137512207,-0.014707975089550018,0.3874923884868622
0.06196488067507744,0.35947728157043457,-0.024005766957998276,0.4075701832771301
0.061591148376464844,0.32692956924438477,-0.002460347954183817,0.3720192313194275
0.12448037415742874,0.4925457239151001,0.10191703587770462,0.4780290424823761
0.011287295259535313,0.6438372731208801,-0.0194250475615263,0.6949108839035034
0.027827318757772446,0.41865190863609314,0.023741090670228004,0.43747466802597046
0.10429400950670242,0.39405208826065063,0.055228278040885925,0.41460856795310974
0.2300872504711151,0.5430978536605835,0.12771089375019073,0.5455015897750854
0.19414089620113373,0.3526000380516052,0.1271694302558899,0.3538755178451538
0.044259198009967804,0.4190817177295685,0.10163936764001846,0.45861828327178955
0.12768611311912537,0.4212110638618469,0.0701521560549736,0.45854687690734863
0.02612939476966858,0.49880096316337585,0.1238633245229721,0.5049351453781128
0.2429804652929306,0.5761480331420898,0.13676030933856964,0.4928796887397766
0.093302421271801,0.46076738834381104,0.054678644984960556,0.4527212679386139
0.06436295807361603,0.319486141204834,0.0920567438006401,0.364433228969574
0.06327688694000244,0.6200866103172302,0.054085057228803635,0.6058023571968079
0.05813745781779289,0.46333417296409607,0.03340733051300049,0.5206032395362854
0.08773650228977203,0.4381144642829895,0.04861496016383171,0.43328213691711426
0.03355379402637482,0.43052464723587036,0.05476006865501404,0.46242114901542664
-0.005827573128044605,0.27801457047462463,-0.014469508081674576,0.2839372456073761
0.09054888039827347,0.43435853719711304,0.06961541622877121,0.4857994318008423
-0.03344612941145897,0.3953092098236084,0.06720294803380966,0.4005245268344879
0.03752068802714348,0.40204063057899475,0.028309352695941925,0.44430187344551086
-0.028558388352394104,0.42876312136650085,0.04970744252204895,0.4584684371948242
-0.028558388352394104,0.42876312136650085,0.04970744252204895,0.4584684371948242
0.06226617470383644,0.4139055907726288,0.03923950344324112,0.3942066729068756
-0.008078082464635372,0.5270594358444214,0.022757193073630333,0.5771664977073669
0.12302432954311371,0.7273024916648865,0.052203282713890076,0.7360537052154541
-0.085767962038517,0.4169161021709442,-0.0697641521692276,0.44146430492401123
0.024226777255535126,0.21477681398391724,0.042316734790802,0.3098527789115906
0.1370428204536438,0.5538089275360107,0.17035306990146637,0.6484541893005371
0.11194424331188202,0.47896260023117065,0.12876735627651215,0.4905151426792145
0.13393881916999817,0.6203324198722839,0.1298782229423523,0.6611311435699463
0.050734471529722214,0.398894727230072,0.020283060148358345,0.4384419322013855
0.053855180740356445,0.4071260094642639,0.153300479054451,0.4160270392894745
0.053855180740356445,0.4071260094642639,0.153300479054451,0.4160270392894745
0.12471675872802734,0.42023205757141113,0.0021760493982583284,0.40698057413101196
0.042939648032188416,0.5710837244987488,0.01968992128968239,0.573563277721405
0.05710405856370926,0.5128780603408813,-0.0325874388217926,0.48183488845825195
0.08844831585884094,0.4122878611087799,-0.06187601387500763,0.44524040818214417
-0.0011058308882638812,0.3146842420101166,0.0005781501531600952,0.30303534865379333
0.16409623622894287,0.5368441343307495,0.18435457348823547,0.6205721497535706
0.11786593496799469,0.4077094495296478,0.11308521777391434,0.4427143633365631
0.09415165334939957,0.40734246373176575,0.04213874042034149,0.4287744164466858
-0.06925226002931595,0.36951375007629395,-0.015962326899170876,0.42405378818511963
0.051897693425416946,0.5346736311912537,0.01858123578131199,0.5592039823532104
0.06737757474184036,0.40364500880241394,0.059065211564302444,0.44773170351982117
0.1962490677833557,0.31749793887138367,0.12741824984550476,0.3164626657962799
0.06059525907039642,0.39132314920425415,0.05890894681215286,0.37233248353004456
0.16337308287620544,0.4853205382823944,0.17359672486782074,0.529662013053894
0.028688056394457817,0.31065911054611206,0.030585382133722305,0.3383493721485138
-0.010214806534349918,0.4441949427127838,0.06008446589112282,0.4547883868217468
-0.0034662464167922735,0.30580076575279236,0.028543561697006226,0.31041398644447327
0.0752437487244606,0.5547125339508057,0.001152463024482131,0.5266547799110413
0.1608271300792694,0.6236535310745239,0.07657834142446518,0.6720176339149475
0.056440889835357666,0.38102564215660095,0.0724082812666893,0.3433440327644348
-0.0030559056904166937,0.48850202560424805,-0.013466311618685722,0.5351133346557617
-0.0030559056904166937,0.48850202560424805,-0.013466311618685722,0.5351133346557617
0.0919950008392334,0.531866192817688,0.15991325676441193,0.5161912441253662
0.19597387313842773,0.7120773196220398,0.12057696282863617,0.5919601321220398
0.002524860203266144,0.42718029022216797,0.025933707132935524,0.6355589628219604
0.0356256328523159,0.4482308626174927,0.027602726593613625,0.4531925618648529
-0.02423146367073059,0.2683241665363312,0.029249534010887146,0.30587083101272583
0.176361545920372,0.45198437571525574,0.1313539445400238,0.4328655004501343
0.10184738785028458,0.32710888981819153,0.054193224757909775,0.40543127059936523
0.022674832493066788,0.5623422861099243,0.025099866092205048,0.6143039464950562
0.036944665014743805,0.3445335924625397,0.0771513506770134,0.34141969680786133
0.08354634791612625,0.5123105049133301,-0.0068572829477488995,0.48127543926239014
-0.014355341903865337,0.43149256706237793,0.02214912325143814,0.38510581851005554
-0.010909234173595905,0.38051265478134155,0.012955822050571442,0.364433228969574
0.08354634791612625,0.5123105049133301,-0.0068572829477488995,0.48127543926239014
0.04300309345126152,0.2762429118156433,0.04126758873462677,0.3162783980369568
-0.053605206310749054,0.2683241665363312,-0.025506408885121346,0.27258020639419556
0.11313078552484512,0.6381715536117554,-0.019565381109714508,0.6793372631072998
-0.05969611927866936,0.3983813524246216,-0.10364838689565659,0.440851628780365
0.05974804237484932,0.2767574191093445,0.03734733164310455,0.2654270827770233
0.09290023893117905,0.5463750958442688,0.10409185290336609,0.5555681586265564
0.05522694066166878,0.384630411863327,0.020229553803801537,0.39117318391799927
0.08173172175884247,0.47246482968330383,0.11200390011072159,0.4783864915370941
0.17394611239433289,0.5537944436073303,0.04285043850541115,0.5321409702301025
0.14032958447933197,0.6546891927719116,0.11866491287946701,0.65883469581604
0.0647994801402092,0.5084670782089233,0.13767677545547485,0.5529151558876038
0.09988860040903091,0.39722153544425964,0.15082445740699768,0.3969811201095581
-0.10305324196815491,0.4141204059123993,-0.10357356071472168,0.45346152782440186
-0.019210949540138245,0.591049075126648,0.0030381272081285715,0.6348664164543152
0.04968484118580818,0.2812228500843048,0.04818130284547806,0.30514490604400635
0.06750816851854324,0.4666421413421631,-0.07652175426483154,0.446237713098526
0.06743902713060379,0.6178639531135559,0.10976462811231613,0.5973724722862244
0.07912259548902512,0.5822380185127258,-0.017554964870214462,0.6526039838790894
0.0321468748152256,0.5329875946044922,0.027099480852484703,0.4682411253452301
0.06725534796714783,0.6625462174415588,0.1403832733631134,0.6660064458847046
0.06570134311914444,0.40720081329345703,0.0930013582110405,0.3669683337211609
0.14433807134628296,0.3296877145767212,0.07098951190710068,0.36328792572021484
0.14433807134628296,0.3296877145767212,0.07098951190710068,0.36328792572021484
0.10003837943077087,0.43271198868751526,0.04500877112150192,0.40569615364074707
0.07781052589416504,0.41993820667266846,0.06940694898366928,0.40569615364074707
0.35513702034950256,0.6429815888404846,0.3571563959121704,0.6660029292106628
0.021325981244444847,0.461360901594162,0.04951782152056694,0.47160300612449646
0.06623199582099915,0.5296739339828491,0.0170437004417181,0.5303966999053955
0.26654765009880066,0.42283377051353455,0.28702089190483093,0.4827826917171478
0.12267529964447021,0.2792819142341614,0.1776270866394043,0.4001835286617279
0.08302298933267593,0.4306437075138092,0.028185710310935974,0.450646311044693
0.11895433813333511,0.47349849343299866,0.12658187747001648,0.5198754668235779
0.13841253519058228,0.34549322724342346,0.10550153255462646,0.5040007829666138
0.04661713168025017,0.35889697074890137,0.08043647557497025,0.34925273060798645
-0.04705488309264183,0.5648084282875061,0.07738898694515228,0.635531485080719
0.036200106143951416,0.23988980054855347,0.044929321855306625,0.37075895071029663
0.10831268876791,0.4153251349925995,0.0703902393579483,0.37758520245552063
-0.051071517169475555,0.42941004037857056,-0.03726428374648094,0.47481295466423035
0.07596340030431747,0.35373613238334656,0.055124182254076004,0.3836786448955536
0.0871897041797638,0.5008219480514526,0.09045984596014023,0.4945979714393616
0.1395397186279297,0.3681483864784241,0.11543699353933334,0.4252535402774811
0.08732452988624573,0.3703482151031494,0.10137397050857544,0.40386465191841125
0.19017095863819122,0.3589930832386017,0.17982304096221924,0.39818069338798523
0.09191873669624329,0.47687774896621704,0.11886543035507202,0.4372132122516632
0.010434451512992382,0.576957106590271,-0.02553246170282364,0.5603224635124207
-0.023004449903964996,0.41455507278442383,0.05911334604024887,0.48367437720298767
0.0696880966424942,0.36034995317459106,0.05751397833228111,0.37509259581565857
0.031532008200883865,0.42811083793640137,0.05604413524270058,0.46365848183631897
-0.006941638421267271,0.4767765402793884,-0.03561657667160034,0.5400726199150085
0.031560368835926056,0.36927637457847595,-0.06701856106519699,0.41512736678123474
0.034328486770391464,0.38452380895614624,0.07011865824460983,0.39504411816596985
0.12212168425321579,0.39195820689201355,0.13178636133670807,0.4372132122516632
0.031035007908940315,0.5257568359375,0.037710852921009064,0.5915088057518005
0.030534662306308746,0.37004557251930237,-0.04562487453222275,0.3934014141559601
0.07762449234724045,0.6758078336715698,0.018183231353759766,0.6536943912506104
0.03309915214776993,0.26207613945007324,0.07644322514533997,0.29131805896759033
0.033174097537994385,0.5134308338165283,0.07012414932250977,0.5920145511627197
0.12467041611671448,0.4657202959060669,0.09920763969421387,0.3828800618648529
-0.01885511353611946,0.47852984070777893,0.08963260054588318,0.4641956090927124
-0.04055323824286461,0.6816678643226624,-0.06044415384531021,0.7395555377006531
0.07812848687171936,0.7042473554611206,0.018853912129998207,0.6997340321540833
0.07682611793279648,0.46414774656295776,0.06589104980230331,0.5279614925384521
0.1741880625486374,0.4911165237426758,0.14534372091293335,0.5112913250923157
0.10755585879087448,0.56584233045578,0.14250177145004272,0.5341001152992249
0.12008610367774963,0.5762642025947571,0.11733759939670563,0.5884138941764832
0.004358598962426186,0.5724483132362366,0.12458569556474686,0.5862831473350525
0.1115608960390091,0.5653834342956543,0.08760780841112137,0.5570298433303833
0.06945639103651047,0.401380717754364,0.07365017384290695,0.4169054925441742
0.1297694593667984,0.5873942971229553,0.14699044823646545,0.6384909749031067
0.10274215787649155,0.6019663214683533,0.08290301263332367,0.6812828779220581
0.06033576279878616,0.44450920820236206,0.16060027480125427,0.45845353603363037
0.09972405433654785,0.37019023299217224,0.05113642290234566,0.35692909359931946
0.03439611941576004,0.5048789381980896,0.11385539919137955,0.5156742334365845
0.018388064578175545,0.4406905770301819,0.11744644492864609,0.46837228536605835
0.05086888372898102,0.40609240531921387,-0.02842283435165882,0.4241800308227539
0.10621310770511627,0.6715397834777832,0.06358403712511063,0.6669726967811584
0.0386328250169754,0.3715328574180603,0.008725244551897049,0.4336213171482086
0.011433028616011143,0.4546777307987213,0.006805140990763903,0.36900222301483154
0.255574494600296,0.6136612892150879,0.19332659244537354,0.6260092258453369
0.07622597366571426,0.4879188537597656,0.07017382979393005,0.5610398054122925
0.28572186827659607,0.5516534447669983,0.2907586395740509,0.5855022668838501
0.19853974878787994,0.46922942996025085,0.17706872522830963,0.4971863627433777
0.01951199397444725,0.574135959148407,-0.12558816373348236,0.5551236271858215
0.0035313712432980537,0.47245925664901733,0.0064743016846477985,0.5283498764038086
0.015184257179498672,0.5225114226341248,-0.15444956719875336,0.5105972290039062
0.004995256662368774,0.39270204305648804,-0.1440930962562561,0.37207335233688354
0.08126533776521683,0.5990794897079468,0.07595276087522507,0.552372932434082
0.1262957751750946,0.4093579649925232,0.17291253805160522,0.4200335443019867
0.07181312888860703,0.4218539595603943,0.08087940514087677,0.4303434491157532
0.054042916744947433,0.5877159237861633,0.07804367691278458,0.5783812403678894
0.08287033438682556,0.2931004762649536,-0.0015924721956253052,0.3057636320590973
0.16607336699962616,0.4272156059741974,0.1525757908821106,0.4441126585006714
0.16161224246025085,0.6342356204986572,0.21657663583755493,0.5834495425224304
0.13575409352779388,0.4441298246383667,0.11239420622587204,0.4904862344264984
-0.03407936170697212,0.274455726146698,0.01627107709646225,0.3015909194946289
0.008988813497126102,0.3907719850540161,-0.071196049451828,0.42947277426719666
0.06963291019201279,0.4161909520626068,0.09521308541297913,0.45340263843536377
0.06725329160690308,0.5402539372444153,0.059434905648231506,0.579274594783783
0.06500593572854996,0.3427053987979889,0.0688389390707016,0.3723892271518707
0.06500593572854996,0.3427053987979889,0.0688389390707016,0.3723892271518707
0.03303917124867439,0.5764934420585632,0.07399773597717285,0.6294323205947876
-0.061435598880052567,0.3436346650123596,0.008190973661839962,0.3707673251628876
0.023874476552009583,0.627922773361206,-0.023637864738702774,0.6075649261474609
-0.134622722864151,0.6708551645278931,-0.06866196542978287,0.6420711874961853
-0.03740715608000755,0.46245428919792175,0.0003596884198486805,0.49710363149642944
0.16568893194198608,0.5018325448036194,0.006891334429383278,0.5307939648628235
0.10260675847530365,0.5009447932243347,0.195895254611969,0.4964924454689026
0.06195228919386864,0.507905900478363,0.20095576345920563,0.4836832582950592
0.18758070468902588,0.5115159153938293,0.1685093492269516,0.5810582637786865
0.06603098660707474,0.4671876132488251,0.07437092065811157,0.5382856726646423
0.08913122117519379,0.4671938717365265,0.07342918962240219,0.5012117624282837
-0.027340205386281013,0.472409188747406,-0.0042426809668540955,0.5012117624282837
-0.0029975650832057,0.3825412690639496,0.07655470073223114,0.47888967394828796
-0.011910755187273026,0.333351194858551,0.04409732297062874,0.39571908116340637
0.09225346148014069,0.37415221333503723,0.035272836685180664,0.3752109408378601
0.10706816613674164,0.6222548484802246,0.14278854429721832,0.6529189944267273
0.31394171714782715,0.6960583925247192,0.3121994435787201,0.7099565863609314
0.12151751667261124,0.37102407217025757,0.10912121832370758,0.36765122413635254
0.020588688552379608,0.36366957426071167,0.018449535593390465,0.38432684540748596
0.12616725265979767,0.366420716047287,0.1687135398387909,0.434135764837265
0.10732324421405792,0.4340871274471283,0.11317846924066544,0.45402607321739197
-0.02033698558807373,0.49280741810798645,-0.006654021795839071,0.5326750874519348
0.06728026270866394,0.5712757110595703,0.09275045990943909,0.5975201725959778
0.09944002330303192,0.5977486371994019,0.13091975450515747,0.6411053538322449
0.048492707312107086,0.4697864353656769,0.06748218089342117,0.4294898808002472
0.5058348774909973,0.6520848274230957,0.35936403274536133,0.625164270401001
0.0919950008392334,0.5783271789550781,0.15991325676441193,0.5853723287582397
0.4110480546951294,0.5027433633804321,0.3915855586528778,0.4988986551761627
-0.025147270411252975,0.5640422701835632,0.007306844927370548,0.5526886582374573
0.05784304067492485,0.42272406816482544,0.0021761376410722733,0.4611905515193939
0.0815136656165123,0.5075575113296509,0.09544401615858078,0.5167705416679382
0.12837837636470795,0.429919570684433,0.08682359755039215,0.45018935203552246
0.12208816409111023,0.5126846432685852,0.08516387641429901,0.5186638236045837
0.06758914142847061,0.4804570972919464,0.0730850026011467,0.5266547799110413
0.24457381665706635,0.44331812858581543,0.18526828289031982,0.4839117228984833
0.07943788915872574,0.5709633231163025,0.15742026269435883,0.5877550840377808
0.02489290200173855,0.464095801115036,0.08366083353757858,0.5002660751342773
0.11850938946008682,0.4746890962123871,0.15252844989299774,0.4629974365234375
0.08222343027591705,0.44301995635032654,0.07731854170560837,0.5661898255348206
0.07880856096744537,0.5587440133094788,0.07047957181930542,0.6034082770347595
0.08570891618728638,0.47840508818626404,0.0893363356590271,0.47432219982147217
0.12113203853368759,0.42281487584114075,0.11127036809921265,0.43121373653411865
0.05780415236949921,0.35808807611465454,0.00797097384929657,0.37403011322021484
0.04983016476035118,0.48468223214149475,0.0021969834342598915,0.4985032081604004
0.07287431508302689,0.8157897591590881,0.005737870931625366,0.8367315530776978
0.012674380093812943,0.35766860842704773,-0.053998708724975586,0.3695531487464905
0.05996396392583847,0.38978978991508484,0.016444910317659378,0.3991309404373169
0.05996396392583847,0.38978978991508484,0.016444910317659378,0.3991309404373169
0.09020097553730011,0.4319475293159485,0.10094733536243439,0.5002660751342773
-0.02633507177233696,0.30113276839256287,0.013583235442638397,0.5011724233627319
-0.055524952709674835,0.7060180902481079,-0.046837564557790756,0.6952844262123108
0.20792657136917114,0.5212047696113586,0.18080425262451172,0.5085803866386414
0.09802217036485672,0.442972332239151,0.09783809632062912,0.41673973202705383
-0.0003754158387891948,0.44614824652671814,-0.027523647993803024,0.5723497271537781
0.04871845617890358,0.4796990156173706,0.03010510839521885,0.500324010848999
-0.17121410369873047,0.4385022819042206,-0.0448349229991436,0.5014628171920776
-0.003829255234450102,0.38471484184265137,0.030008630827069283,0.36764082312583923
0.09100959450006485,0.45968592166900635,0.0032587447203695774,0.46492066979408264
0.14714865386486053,0.528073251247406,0.12367960810661316,0.5429393649101257
-0.03639287129044533,0.479865700006485,-0.02287851646542549,0.45309916138648987
0.027615323662757874,0.5424290299415588,-0.01216691080480814,0.41395503282546997
-0.0011058308882638812,0.3146842420101166,0.0005781501531600952,0.30303534865379333
0.06387387216091156,0.43971067667007446,0.1177247017621994,0.4339195191860199
0.12831902503967285,0.7742895483970642,0.15016475319862366,0.6779853701591492
0.15816114842891693,0.5783271789550781,0.19140513241291046,0.5853723287582397
0.2251615822315216,0.5237412452697754,0.21564921736717224,0.497312992811203
-0.020256737247109413,0.4300934970378876,-0.11789640784263611,0.44999897480010986
-0.06077668443322182,0.3250576853752136,-0.008307920768857002,0.29781100153923035
0.08671952039003372,0.4901067912578583,-0.01133168488740921,0.5144766569137573
0.1595664769411087,0.4682067036628723,0.173185333609581,0.5393235087394714
0.07065704464912415,0.3703482151031494,-0.021336086094379425,0.41598761081695557
0.05302370712161064,0.31078144907951355,0.05045013502240181,0.3210885524749756
0.06737757474184036,0.40364500880241394,0.059065211564302444,0.44773170351982117
0.04428264871239662,0.4048309624195099,0.0030589038506150246,0.4495503902435303
0.05292275547981262,0.34815678000450134,-0.08212020248174667,0.3769424259662628
0.14619329571723938,0.45748716592788696,0.0861506387591362,0.4560052454471588
0.028688056394457817,0.31065911054611206,0.030585382133722305,0.3383493721485138
0.02375144511461258,0.4221592843532562,0.07762125134468079,0.4351937174797058
0.07878334075212479,0.48439884185791016,0.09242919832468033,0.5326009392738342
-0.015561576001346111,0.2493221014738083,-0.000358602061169222,0.275812566280365
0.07857223600149155,0.41965508460998535,0.06602108478546143,0.4742666780948639
0.0800580382347107,0.36640530824661255,0.023433290421962738,0.38666680455207825
0.016105275601148605,0.4990690350532532,0.08755537122488022,0.505520224571228
0.0800580382347107,0.35362401604652405,-0.018742086365818977,0.3512006998062134
0.0912720188498497,0.4504910111427307,0.12716223299503326,0.4688946008682251
0.0800580382347107,0.3778032064437866,-0.018742086365818977,0.3726765811443329
-0.05203629657626152,0.42854660749435425,0.012825763784348965,0.601427435874939
0.14666913449764252,0.576166033744812,0.14311207830905914,0.5591882467269897
0.06335411220788956,0.3035871684551239,0.0549391470849514,0.30303534865379333
-0.022940490394830704,0.3352208137512207,-0.014707975089550018,0.3816298246383667
0.0643468052148819,0.3227579891681671,0.007539179641753435,0.3742806017398834
0.06534906476736069,0.696644127368927,0.13676030933856964,0.5078158974647522
0.07634829729795456,0.36799299716949463,0.10636130720376968,0.3878042697906494
0.08630258589982986,0.6028730273246765,0.14320935308933258,0.57574063539505
0.03424331545829773,0.5056734681129456,-0.00022000061289872974,0.6092417240142822
0.14262288808822632,0.46717289090156555,0.10759543627500534,0.4832872450351715
0.02879476547241211,0.23149099946022034,-0.002103113103657961,0.28037458658218384
0.15121152997016907,0.652902364730835,0.1925254613161087,0.6676324605941772
0.06906139850616455,0.4034111499786377,0.1431216150522232,0.39771828055381775
0.011384672485291958,0.4863865077495575,0.01958051137626171,0.5480237007141113
0.08003567904233932,0.3972528576850891,0.1016555204987526,0.4397265911102295
0.07707278430461884,0.30580076575279236,0.09273044019937515,0.31041398644447327
-0.017341626808047295,0.3100922405719757,0.038651347160339355,0.41732361912727356
0.1395397186279297,0.3681483864784241,0.11543699353933334,0.4252535402774811
0.1655045598745346,0.37745511531829834,0.0726294293999672,0.47023260593414307
0.0590612068772316,0.4797157943248749,0.05699996277689934,0.5499436855316162
0.09191873669624329,0.47687774896621704,0.11886543035507202,0.4372132122516632
0.034328486770391464,0.38452380895614624,0.07011865824460983,0.39504411816596985
0.18082259595394135,0.572773277759552,0.2401110976934433,0.6167778372764587
0.06780842691659927,0.4384326636791229,0.04607072100043297,0.42399847507476807
0.25106698274612427,0.5486053824424744,0.1940917670726776,0.6199199557304382
0.05482291430234909,0.3876122832298279,0.053358834236860275,0.37531301379203796
0.11290326714515686,0.4274856150150299,-0.06512633711099625,0.4372967779636383
0.002001709770411253,0.42938849329948425,0.02331657148897648,0.5169718265533447
-0.05689207464456558,0.43827179074287415,0.0808795765042305,0.5007640719413757
0.0026555287186056376,0.5852782726287842,0.07448872178792953,0.5823251605033875
-0.02280803956091404,0.46814587712287903,0.005852668080478907,0.528950572013855
0.038370341062545776,0.574135959148407,0.04149625077843666,0.5448091626167297
0.061302125453948975,0.43826553225517273,0.06774521619081497,0.45673561096191406
0.06227574124932289,0.5430856943130493,0.058212585747241974,0.4931575059890747
0.04134749248623848,0.5598435997962952,0.021181104704737663,0.6854596734046936
0.020132772624492645,0.514938473701477,-0.03222847729921341,0.4733087718486786
0.11030407249927521,0.4905150830745697,0.09513170272111893,0.5525906085968018
0.07689747214317322,0.4773273766040802,0.08906407654285431,0.535349428653717
0.19607271254062653,0.36739957332611084,0.14717838168144226,0.38149476051330566
0.13731636106967926,0.4095894992351532,0.14213864505290985,0.4554647207260132
0.06939335912466049,0.40229618549346924,0.07261257618665695,0.3838811218738556
0.0621221698820591,0.49724993109703064,0.029693439602851868,0.5127325057983398
0.12931804358959198,0.4176401197910309,0.05182032659649849,0.40783369541168213
0.06727618724107742,0.38433513045310974,0.01862148940563202,0.38628390431404114
0.18046221137046814,0.558354914188385,0.056370027363300323,0.6091126799583435
0.08237491548061371,0.5500320792198181,0.02621019445359707,0.553705632686615
0.01896893046796322,0.47600290179252625,-0.01508001796901226,0.4912398159503937
0.018513614311814308,0.47612881660461426,-0.0026237943675369024,0.5207963585853577
-0.06975273787975311,0.5403074026107788,-0.06071637198328972,0.5092524886131287
-0.03632303327322006,0.48017486929893494,0.00046411168295890093,0.5004215836524963
-0.043309055268764496,0.5403074026107788,0.0040548937395215034,0.4725490212440491
0.05271488055586815,0.5427935123443604,-0.04533020034432411,0.5192224979400635
0.13078854978084564,0.4721965491771698,0.140252947807312,0.5796309113502502
0.023686761036515236,0.398369163274765,0.03858663886785507,0.40787070989608765
0.07794861495494843,0.46171531081199646,0.07294612377882004,0.4354684352874756
0.01875936985015869,0.4343045949935913,-0.027173884212970734,0.5268696546554565
0.052766211330890656,0.4904288053512573,-0.03380337730050087,0.49672117829322815
0.043961554765701294,0.46683770418167114,0.03709712252020836,0.49930340051651
0.1768532544374466,0.38164860010147095,0.21955324709415436,0.38378050923347473
0.11141172051429749,0.29297733306884766,0.11429650336503983,0.3588726222515106
0.13087068498134613,0.3752083480358124,0.15875063836574554,0.46210426092147827
-0.05083373934030533,0.4840731918811798,0.0150761678814888,0.5601645112037659
0.13301271200180054,0.3770626187324524,0.1877768337726593,0.37239423394203186
0.07622597366571426,0.4879188537597656,0.07017382979393005,0.5610398054122925
0.157899871468544,0.4069686830043793,0.11885154247283936,0.5008174777030945
0.02445807121694088,0.4067575931549072,0.015445026569068432,0.4344460666179657
0.025760183110833168,0.5250444412231445,0.05596325919032097,0.5461708903312683
0.04782666638493538,0.34813830256462097,0.016075266525149345,0.45931127667427063
0.10749302059412003,0.5233365297317505,0.03711158037185669,0.49111154675483704
0.009466410614550114,0.36603519320487976,0.047163959592580795,0.34605664014816284
0.1226118877530098,0.4419889748096466,0.061235252767801285,0.48936036229133606
0.05610629916191101,0.4518861770629883,0.08932377398014069,0.48346075415611267
-0.011671706102788448,0.5479819774627686,-0.003541518934071064,0.5582283735275269
-0.03477371484041214,0.5236719250679016,0.019026491791009903,0.5105977058410645
0.07181312888860703,0.4218539595603943,0.08087940514087677,0.4303434491157532
0.01565999910235405,0.3641680181026459,-0.01948622427880764,0.399779736995697
0.13462230563163757,0.3789118826389313,0.09270889312028885,0.3916507363319397
0.08461525291204453,0.4948183000087738,0.0897354707121849,0.4736673831939697
0.04688359797000885,0.21080893278121948,-0.0565066896378994,0.22484956681728363
0.2013901025056839,0.6535410284996033,0.15814271569252014,0.6209183931350708
0.03764081001281738,0.25629448890686035,0.076642706990242,0.2587209939956665
0.07479588687419891,0.6438404321670532,0.05284528434276581,0.6835181713104248
-0.023609599098563194,0.5942337512969971,0.11562863737344742,0.6291026473045349
0.028612343594431877,0.553170919418335,0.053632985800504684,0.5676742196083069
-0.0007919383933767676,0.6264012455940247,0.03156556561589241,0.6279835104942322
0.0320143885910511,0.6760036945343018,0.019192803651094437,0.586889922618866
0.06327711045742035,0.48505330085754395,0.15831732749938965,0.47119197249412537
0.20807503163814545,0.5339370965957642,-0.0004884162335656583,0.5704662203788757
0.05830802768468857,0.3873169422149658,0.07489839941263199,0.4288952946662903
0.1021401584148407,0.3674032986164093,0.09645986557006836,0.3958980143070221
0.1021401584148407,0.3674032986164093,0.09645986557006836,0.3958980143070221
0.048652660101652145,0.39210471510887146,0.01725458912551403,0.36755868792533875
0.053065087646245956,0.44524064660072327,-0.050855956971645355,0.5014978051185608
0.025134548544883728,0.3433285355567932,0.021853066980838776,0.36392566561698914
-0.05886427313089371,0.363982617855072,-0.0018836181843653321,0.4000261127948761
0.02645825780928135,0.46701937913894653,0.04717373847961426,0.5005378723144531
0.13684971630573273,0.4397810697555542,0.0626998171210289,0.4139367341995239
0.06459185481071472,0.5063837766647339,-0.037531301379203796,0.5371108055114746
0.053403254598379135,0.46680665016174316,-0.037531301379203796,0.4986085593700409
0.0588114894926548,0.5348663330078125,0.06238693743944168,0.5346158742904663
0.1223757416009903,0.429206907749176,0.1141248419880867,0.4667380154132843
0.10583098232746124,0.5358042120933533,0.11914382874965668,0.5054914355278015
0.022739576175808907,0.3851121962070465,0.000877050100825727,0.41382989287376404
0.038679447025060654,0.28925615549087524,0.044463541358709335,0.3071913421154022
0.15430691838264465,0.25639861822128296,0.12343864887952805,0.2994782328605652
0.11438935250043869,0.6389782428741455,0.12456996738910675,0.6742104887962341
0.10342620313167572,0.5187990665435791,0.15607194602489471,0.46666720509529114
0.039919622242450714,0.5232729911804199,0.05407961457967758,0.46972402930259705
0.1294630467891693,0.576149582862854,0.05771176517009735,0.6093463897705078
0.08695436269044876,0.4940851628780365,0.03478611633181572,0.6346555352210999
0.09815439581871033,0.5744398236274719,-0.047127462923526764,0.5776328444480896
0.008191793225705624,0.45925435423851013,0.004182951059192419,0.45779022574424744
0.029595687985420227,0.5098792910575867,0.056580860167741776,0.49397432804107666
0.04667441174387932,0.3716016113758087,0.07632450759410858,0.44163039326667786
-0.02155112288892269,0.30389317870140076,0.01943765953183174,0.3018316328525543
-0.050234101712703705,0.44724395871162415,-0.04449312388896942,0.41493871808052063
0.06644986569881439,0.3514608144760132,0.04415054991841316,0.34806787967681885
-0.03783343732357025,0.4220012128353119,0.0059782168827950954,0.42513787746429443
0.036867406219244,0.42503780126571655,0.045158594846725464,0.5352081656455994
0.13951687514781952,0.5024462938308716,0.14146992564201355,0.5165736675262451
0.1623048484325409,0.463138222694397,0.09161439538002014,0.47748592495918274
0.2429804652929306,0.5761480331420898,0.13676030933856964,0.4928796887397766
-0.06384330987930298,0.4909014105796814,0.04312147945165634,0.5623785257339478
-0.06384330987930298,0.4909014105796814,0.04312147945165634,0.5623785257339478
0.0580240860581398,0.46042558550834656,-0.014090090058743954,0.4510267376899719
-0.04585794731974602,0.40522387623786926,-0.025901610031723976,0.4107436239719391
-0.04585794731974602,0.40522387623786926,-0.025901610031723976,0.4107436239719391
0.111135333776474,0.4321335554122925,0.10335858166217804,0.48008957505226135
0.17419031262397766,0.5573316812515259,0.053899120539426804,0.4695802628993988
0.02566458471119404,0.2002211958169937,0.031995244324207306,0.25810468196868896
0.015547546558082104,0.4869939684867859,0.10681111365556717,0.4900538921356201
0.08903278410434723,0.6323457956314087,-0.059642232954502106,0.6270062327384949
0.07050333172082901,0.6285246014595032,0.03352045267820358,0.6614607572555542
-0.15045739710330963,0.6709802150726318,-0.2038297951221466,0.707555890083313
0.16374123096466064,0.4317753314971924,0.11428708583116531,0.46715235710144043
0.02262134850025177,0.36956554651260376,0.03703092411160469,0.39566001296043396
